0,Accounting CPA years experience
1,
2,
3,Accounting
4,
5,Accounting
6,
7,
8,Accounting
9,Accounting CPA credentials
10,Accounting
11,
12,Finance Accounting years accounting experience
13,Accounting Masters Taxation plus
14,
15,
16,
17,Accounting
18,Accounting
19,
20,
21,Accounting MBA
22,
23,
24,Accounting
25,
26,
27,
28,Accounting Finance Experience
29,Accounting and/or Finance
30,Accounting Finance Job Type
31,accounting finance and/or work experience
32,
33,Accounting Finance
34,Accounting OR towards Accounting Degree
35,Accounting/CPA
36,Accounting Finance years construction accounting
37,
38,Accounting
39,
40,Accounting
41,
42,fields
43,
44,
45,
46,Accounting
47,Accounting Business
48,Accounting Finance Required Required Qualifications
49,Accounting
50,
51,accounting PA CPA
52,
53,
54,Accounting
55,
56,
57,
58,Accounting Finance
59,
60,accounting finance Bachelors Understanding
61,
62,
63,
64,
65,
66,Accounting Minimum
67,
68,business Minimum years accounting/finance experience
69,
70,Accounting Finance
71,accounting
72,Accountancy MBA CPA designation Experience
73,
74,Accounting Minimum
75,accounting finance
76,
77,Accounting Finance Business
78,Experience financials
79,
80,accounting Microsoft Office
81,Accounting Finance
82,
83,Accounting
84,
85,
86,Accounting
87,Accounting Minimum
88,Accounting Finance
89,
90,
91,Accounting CPA
92,Accounting Finance year
93,Accounting/Business years experience Accounting Finance
94,
95,Finance Business Accounting PC Proficient
96,
97,
98,Accounting Business
99,accounting and/or business field
100,business accounting finance
101,Accounting
102,Accounting Finance CPA
103,Accounting Finance CPA
104,Accounting Finance Must
105,Accounting
106,
107,
108,
109,
110,accounting
111,
112,Accounting knowledge accounting principles practices
113,Accounting MBA plus
114,
115,
116,Accounting Strong business acumen
117,
118,Business Administration Accounting
119,
120,
121,Accounting Finance
122,
123,Accounting A minimum
124,Accounting
125,Accounting
126,
127,accounting finance
128,accounting/finance Proficient Microsoft Office Products
129,
130,Finance Accounting
131,
132,
133,
134,
135,
136,Accounting Finance Years
137,
138,accounting
139,accounting CPA certification
140,Accounting Finance
141,
142,
143,accounting finance economics Energy Marketing
144,
145,Accounting Minimum
146,
147,
148,accounting finance
149,Accounting Finance MS MA MBA
150,accounting
151,Finance Economics
152,Business Accounting Finance
153,
154,Accounting Finance Accounting Minimum
155,Accounting
156,Accounting OR years
157,Accounting
158,
159,Accounting
160,Accounting Finance USD
161,
162,Accounting Finance Respond
163,
164,
165,
166,
167,Accounting Finance years commodity settlements
168,Accounting
169,
170,
171,
172,Accounting
173,Accounting Finance years
174,Accounting OR
175,Accounting Finance years
176,Accounting Finance years Tax experience
177,Accounting
178,Accounting CPA
179,Accounting
180,Accounting
181,Accounting Finance Strong GAAP
182,
183,
184,Accounting
185,
186,
187,Business
188,
189,
190,
191,accounting completion CPA
192,Business Accounting
193,Accounting Finance Strong understanding
194,Accounting MBA/CMA/CPA plus
195,Accounting Finance years AP NetSuite
196,
197,
198,Accounting
199,Accounting Applicants
200,Accounting
201,
202,Accounting CPA CPA candidates Multi-state
203,Accounting
204,Accounting
205,
206,
207,
208,
209,Accounting
210,
211,Accounting Finance
212,
213,
214,Accounting Prior work experience Public
215,
216,
217,
218,
219,
220,Accounting years tax
221,
222,
223,Finance Accounting CPA CPA candidate
224,
225,Accounting ESSENTIAL FUNCTIONS Enter project
226,
227,accounting
228,
229,
230,
231,
232,Accounting
233,
234,
235,
236,Accounting Finance
237,
238,Accounting
239,Accounting/Finance Required Essential Sales Duties
240,
241,
242,Business Administration Accounting
243,
244,
245,
246,Accounting Finance Years Construction Accounting
247,
248,
249,
250,
251,
252,accounting finance ERP systems experience
253,Accounting years experience payroll
254,accounting finance years
255,
256,Accounting Finance Equivalent Job Type
257,
258,accounting
259,Accounting Know
260,Accounting Finance
261,Accounting Finance
262,
263,Accounting years experience
264,
265,
266,
267,Accounting Certified Public Accountant Chartered
268,Accounting Business
269,taxation CPA JD
270,Accounting Finance Business Economics
271,finance accounting
272,
273,area specialty
274,Accounting Master
275,Accounting years experience
276,Accounting Finance Strong attention
277,Accounting years experience Experience Senior
278,
279,Accounting
280,Accounting
281,
282,
283,Business Accounting
284,
285,Accounting
286,
287,Accounting years experience payroll
288,
289,Accounting Finance
290,
291,
292,
293,Accounting years
294,Accounting Finance
295,Accounting/Finance REQUIRED years experience
296,accounting
297,accounting CPA
298,Business Administration
299,accounting
300,
301,accounting
302,Accounting Strong
303,Accounting Finance
304,Accounting Finance years experience
305,Accounting Active CPA license
306,Finance and/or Accounting Strong MS
307,Accounting Taxation –
309,
310,
311,Accounting
312,
313,Accounting
314,accounting QuickBooks Experience ProAdvisor plus
315,Business
316,
317,accounting finance Understanding
318,Accounting CPA
319,Accounting Finance
320,accounting
321,
322,
323,
324,accounting finance business
325,accounting finance Graduating December
326,Accounting
327,accounting
328,
329,accounting business
330,
331,
332,Accounting Master ’ s Accounting
333,
334,Accounting Finance Certified Public Accountant
335,Accounting years tax experience
336,
337,Accounting MBA CPA
338,Accounting years
339,
340,Finance Accounting
341,
342,accounting Technically accountant
343,Accounting/Finance CPA Big experience
344,Accounting
345,
347,
348,Accounting
349,Accounting Finance Business Minimum
350,
351,accounting
352,
353,Accounting/Finance Ability
354,
355,Accounting Finance
356,Accounting Finance Minimum
357,Accounting CPA
358,accounting business administration
359,Accounting Finance years experience
360,Accounting
361,business subjects
362,
363,accounting finance business accounting/finance focus
364,Finance/Accounting/Business Administration
365,accounting
366,Accounting
367,Business Accounting
368,
369,
370,Accounting field
371,Business Administration
372,Accounting + CPA designation +
373,business economics
374,Business
375,
376,
377,
378,Accounting
379,
380,
381,Accounting
382,taxation finance accounting
383,
384,Accounting Finance
385,Accounting
386,Accounting Tax
387,Accounting Finance
388,accounting
389,Accounting Finance
390,
391,
392,Accounting Proficient Excel Intercompany accounting
393,
394,Accounting/Finance years experience
395,
396,Accounting Minimum years accounting experience
397,Accounting Finance Experience ADP
398,Accounting Finance
400,Accounting Finance CPA Required Experience
401,
402,
403,Accounting Finance years experience Accounting
404,
405,Accounting
406,Accounting Finance
407,Accounting Finance years
408,
409,Accounting Finance
410,Accounting Finance
411,accounting
412,
413,
414,
415,
416,Accounting Finance
417,
418,
419,Accounting Finance CPA MBA
420,Oral
421,Oral
423,business administration accounting finance economics
424,
425,Accounting Business Finance
426,Accounting Finance
427,
428,Accounting Masters
429,
431,Accounting Masters Degree CPA
432,accounting discipline Finance Accounting
433,Accounting
434,
435,Accounting Finance
436,Accounting Business Finance
437,Accounting Finance
438,
439,
440,Accounting Finance
441,Accounting Finance Recent cycle experience
442,
443,accounting finance CPA MBA plus
444,
445,Accounting Finance
446,
447,
448,Accounting Healthcare
449,Accounting Finance
450,
451,
453,
454,Accounting Finance
455,Business
456,
457,Economics Business Administration Accounting focus
458,
459,
460,Accounting Finance Establish accounting controls
461,Accounting
462,Accounting CPA
463,Accounting
464,Accounting Finance
465,Accounting Strong Excel Word Detail
466,
467,
468,accounting
469,Accounting Minimum
470,
471,
472,
473,
474,Accounting Finance
475,
476,Accounting Finance
477,Accounting Finance years experience
478,Accounting Minimum
479,Accounting
480,accounting business Certified Public Accountant
481,Accounting
482,Accounting Finance CPA
483,Accounting
484,
485,
486,Accounting CPA CA
487,
488,accounting
489,accounting
490,accounting
491,accounting finance Ability
492,
493,Business Accounting
494,
495,
496,
497,Accounting Finance
498,Accounting +years experience
499,
500,Accounting Finance Strong understanding GAAP
501,
502,
503,Accounting years
504,
505,Accounting
506,Accounting
507,Accounting Finance
508,Accounting Finance
509,
510,Business Administration Accounting
511,Accounting Finance
512,
513,Accounting
514,
515,
516,
517,Accounting years
518,
519,
520,
521,
522,Accounting Finance candidates
523,accounting finance Accreditations
524,Accounting Finance Business Advanced and/or
525,accountancy
526,finance accounting PREFER MBA CPA
527,Accounting Finance MBA CPA
528,Accounting
529,
530,
531,accounting/finance
532,
533,
534,
535,
536,Accounting Master Degree
537,Accounting
538,Accounting
539,Accounting
540,
541,Accounting
542,
543,
544,
545,Accounting
546,Accounting Finance
547,accounting
548,accounting
549,Accounting/Finance
550,Accounting
551,Accounting
552,
553,
554,Accounting Finance
555,Accounting
556,accounting
557,
558,Accounting Finance Must
559,Accounting Must QuickBooks experience Must
560,
561,Accounting Finance Knowledge
562,
563,Finance Business Accounting Economics
564,
565,Accounting CPA Certification years
566,Business Accounting Finance
567,
568,Accounting
569,Accounting and/or Finance Minimum years
570,Accounting Work experience skills years
571,
572,
573,
574,
575,
576,
577,
578,Accounting Benefits
579,
580,
581,
582,
583,Accounting Finance Public accounting experience
584,Accounting
585,Accounting
586,
587,Accounting Finance years
588,accounting
589,Accounting CPA
590,accounting experience
591,Accounting years experience
592,Accounting Business Management
593,
594,accounting Experience multicurrency transactions consolidation
595,
596,Accounting Finance Must
597,
598,finance accounting
599,Accounting Minimum
600,
601,
602,
603,accounting emphasis accounting
604,
605,Accounting Four
606,Accounting Finance
607,
608,Accounting Finance Business
609,
610,
611,
612,accounting
613,Accounting years
614,Accounting
615,Accounting CPA
616,accounting and/or CPA designation
617,Accounting
618,
619,Accounting Finance
620,
621,
622,Accounting
623,
624,
625,Accounting equivalent
626,
627,Accounting
628,
629,Accounting Finance
630,Accounting Finance
631,accounting
632,Business Administration
633,Accounting Business Finance
634,Accounting Bachelor ’ Degree
635,Accounting CPA
636,
637,
638,
639,
640,
641,
642,
643,Business Accounting
644,
645,Accounting Finance Experience
646,
647,
648,Accounting
649,accounting
650,Accounting
651,
652,accounting finance years experience
653,Accounting Finance years experience Knowledge
654,
655,finance accounting
656,Accounting Finance years
657,Accounting CPA
658,field Minimum years
659,
660,
661,Accounting CPA Certification years experience
662,accounting
663,
664,accounting
665,Accounting
666,
667,Accounting
668,Accounting
669,Accounting
670,
671,
672,Accounting Finance
673,Accounting CPA
674,Accounting
675,Accounting
676,
677,Accounting
678,Finance Accounting years experience
679,Accounting
680,
681,
682,Accounting Masters CPA · years
683,
684,
685,Accounting Finance Experience
686,
687,
688,
689,Accounting Finance
690,Accounting Finance Business Management
691,Accounting
692,Accounting/Finance equivalent
693,
694,Accounting Finance Business Management
695,Accounting/Finance
697,
698,Accounting
699,tax accounting
700,accounting business finance
701,Accounting years staff
702,accounting
703,
704,accounting finance business Minimum
705,Accounting
706,
707,Finance Math Accounting
708,Accounting years
709,
710,Accounting Finance Ability multi-task
711,
712,Accounting
713,Accounting
714,Accountancy
715,Accounting/Finance Minimum
716,Accounting
717,
718,
719,Accounting Business
720,accounting
721,Accounting Finance
722,
723,Accounting Finance
724,
725,
726,
727,
728,Accounting Must
729,
730,
731,Accounting years Work Experience Retail
732,
733,
734,accounting finance
735,
736,Accounting Cumulative GPA
737,Accounting Finance
738,Accounting
739,
740,
741,Accounting
742,Accounting Finance +
743,Accounting years experience
744,Accounting Experience tax software
745,
746,
747,Accounting Finance Minimum – years
748,Accounting Finance
749,
750,
751,Accounting Finance
752,Business Accounting Strong skills ability
753,
754,Accounting
755,
756,accounting finance and/or CPA
757,Accounting/Finance
758,Accounting
759,
760,
761,Accounting years
762,accounting finance business
763,
764,
765,
766,
767,Accounting/Finance/Business
768,
769,
770,
771,Accounting Three
772,
773,
774,
775,Accounting Business Administration A Michigan
776,
777,accounting
778,
779,Accounting Minimum
780,
781,Accounting Finance Economics
782,
783,
784,
785,
786,Accounting Applicants
787,accounting finance business
788,
789,
790,Accounting
791,Accounting Finance years experience
792,Accounting
793,
794,Accounting
795,accounting CPA certification
796,
797,Finance Accounting Business Administration Experience
798,Accounting Finance years Accounts Receivable/Billing
799,Accounting years
800,Accounting Travel Required N/A Physical
801,accounting
802,Accounting Finance
803,Accounting Business CPA CPA candidate
804,Accounting Must
805,Accounting Finance -CPA
806,
807,accounting
808,Accounting
809,Accounting Intermediate Excel skillset
810,Accounting
811,
812,
813,
814,
815,Accounting Finance Business Administration
816,finance
817,
818,Accounting Finance
819,accounting
820,Accounting Business Administration concentration Accounting
821,Accounting Finance
822,Accounting Finance Business Administration
823,
824,Accounting Finance
825,Accounting
826,
827,Accounting Job Types
828,Accounting/Finance Certification
829,
830,
831,Accounting
832,accounting/finance MUST
833,Accounting/Finance Ability
834,Accounting Minimum
835,Accounting Business Administration
836,
837,
838,Accounting
839,Business Accounting Finance
840,CPA
841,Accounting CPA
842,Accounting Finance
843,
844,Accounting Finance
845,Accounting Finance Crystal Dynamics
846,
847,accounting
848,
849,
850,
851,
852,
853,
854,
855,
856,
857,Accounting
858,Accounting Certified Public Accountant CPA
859,Accounting Previous years
860,Accounting CPA designation
861,Accounting Finance Business Administration
862,
863,Accounting Finance
864,
865,
866,Accounting
867,Bilingual English
868,
869,Accounting Finance
870,Accounting
871,Accounting Finance
872,Accounting CPA
873,
874,Accounting / Finance years
875,accounting
876,accounting taxation
877,Accounting Finance
878,accounting Advanced
879,Accounting Finance
880,
881,Accounting Finance Business Management years
882,Accounting/Finance
883,
884,
885,
886,Accounting
887,Accounting
888,
889,Accounting Finance Business Administration
890,accounting/finance
892,business emphasis accounting
893,Accounting Finance Detailed knowledge
894,Accounting Finance
895,Business Administration concentration Accounting
896,
897,
898,Accounting Finance years
899,accounting
900,Accounting years ledger accounting experience
901,
902,
903,accounting finance business
904,
905,Accounting Finance equivalent
906,
907,
908,Business Administration concentration Accounting
909,Accounting
910,
911,
912,Accounting CPA Certification Required years
913,Accounting CPA Certified Public Accountant
914,accounting
915,Business Taxation CPA
916,Accounting Finance ok CPA Prefers
917,
918,Accounting CPA
919,Accounting Finance CPA progress towards
920,
921,
922,
923,
924,Accounting
925,
926,
927,accounting
928,
929,Accounting CPA / Public Accounting
930,Business Accounting
931,
932,Business Accounting
933,Accounting
934,
935,Finance Accounting CPA MBA
936,Finance/Accounting CPA
937,
938,
939,Accounting Finance
940,Accounting
941,Accounting Ability
942,
943,
944,Finance Accounting Tax Law
945,accounting
946,Accounting years experience RGI EEO
947,Accounting Finance
948,Accounting
949,Accounting Experience
950,Finance Accounting
951,Business Administration Accounting Finance
952,finance accounting years experience years
953,Accounting Finance
954,
955,accounting finance CPA
956,Accounting Minimum
957,Accounting
958,
959,
960,management business economics
961,
962,accounting business administration
963,Accounting
964,Business
965,Accounting
966,Accounting
967,Accounting
968,
969,
970,
971,Accounting Finance
972,
973,
974,Accounting Finance years
975,Accounting Finance
976,Accounting Finance
977,Finance/ Accounting
978,Accounting CPA Strong knowledge US
979,Accounting Finance Prior Big
980,
981,
982,accounting finance Certified Public Accountant
983,
984,
985,Accounting Finance
986,Accounting Finance Economics
987,
988,Accounting
989,Accounting Active CPA CertificationØ SEC
990,Finance Business Accounting
991,Accounting Finance Masters Taxation Accounting
992,Accounting Excel skills year
993,
994,Accounting Very communication skills Strong
995,Accounting CPA certification Minimum
996,accounting/finance
997,accounting finance PREFERRED Master ’
998,Accounting
999,Accounting
1000,Accounting
1001,Accounting/Finance Excellent Excel Oracle skills
1002,
1003,
1004,Accounting Finance years experience
1005,
1006,
1007,Accounting
1008,
1009,accounting
1010,Accounting CPA certification pursuit CPA
1011,Accounting
1012,
1013,
1014,accounting
1015,Accounting Business Economics Finance
1016,accounting
1017,
1018,
1019,Accounting
1020,Accounting
1021,
1022,
1023,Accounting Finance
1024,
1025,
1026,Finance Accounting
1027,Accounting
1028,Business/Finance/Accounting
1029,Accounting Finance Good computer skills
1030,Accounting Finance
1031,
1032,Accounting Finance
1033,Accounting Finance
1034,financing Accounting CPA Eligible
1035,
1036,Accounting
1037,Accounting Internship Co-Op experience
1038,
1039,Accounting Entry level
1040,Accounting
1041,Accounting Finance years years
1042,Accounting
1043,accounting
1044,Accounting Finance years Accounting Finance
1045,
1046,
1047,
1048,Accounting field Minimum
1049,accounting finance
1050,
1051,
1052,Accounting Masters Taxation CPA certification
1053,accounting
1054,Accounting Minimum years
1055,
1056,
1057,
1058,
1059,
1060,
1061,Accounting Finance Work Schedule
1062,Accounting
1063,accounting business Experience
1064,Accounting CPA CMA
1065,
1066,Accounting Finance Prior Netsuite experience
1067,Accounting Finance
1068,Accounting
1069,
1070,Accounting Finance
1071,Accounting CPA Candidate QuickBooks experience
1072,
1073,
1074,Business Administration MBA
1075,
1076,Accounting
1077,
1078,Accounting Strong communications
1079,Accounting Finance
1080,
1081,
1082,Accounting Finance
1083,
1084,Accounting years experience accounting
1085,Accounting Tax Specialization
1086,accounting
1087,
1088,field Must
1089,
1090,Accounting
1091,
1092,Accounting Strong
1093,accounting
1094,Accounting Finance Business
1095,accounting finance
1096,
1098,Taxation
1099,Accounting
1102,Accounting Certified Public Accountant CPA
1103,Accounting
1104,
1105,
1106,Accounting
1107,
1108,
1109,
1110,business administration accounting finance
1111,
1112,
1113,Accounting years accounting
1114,Accounting
1115,Accounting
1116,
1117,
1118,Accounting
1119,
1120,Accounting Proficient Microsoft Office
1121,Accounting Less
1122,Accounting
1123,
1124,Accounting Finance Business
1125,Accounting
1126,
1127,
1128,
1129,accounting finance Strong knowledge US
1130,Accounting
1131,
1132,
1133,
1134,
1135,
1136,
1137,
1138,
1139,
1140,Finance Accounting
1141,
1142,Accounting
1143,
1144,
1145,
1146,Accounting ESSENTIAL SKILLS REQUIRED SAP
1147,Accounting Finance
1148,
1149,
1150,Accounting years max experience Certified
1151,accounting
1152,accounting
1153,
1154,
1155,
1156,Accounting Finance
1157,
1158,Accounting
1159,accounting finance
1160,Accounting Finance Minimum
1161,
1162,Accounting Finance years
1163,
1164,Accounting
1165,Accounting
1166,
1167,
1168,Accounting Finance
1169,Accounting related-field
1170,
1171,Accounting
1172,Accounting Experience Minimum
1173,Accounting Finance
1174,
1175,
1176,Accounting Finance
1178,Accounting Finance Business Administration Economics
1179,Accounting Finance Business Administration
1180,Accounting
1181,accounting CPA CPA Candidate years
1182,Accounting years experience oil gas
1183,Accounting
1184,
1185,Accounting Finance CPA
1186,accounting finance
1187,accounting finance Job Type
1188,
1189,accounting finance Minimum years
1190,
1191,
1192,
1193,
1194,
1195,tax accounting
1196,
1197,
1198,accounting
1199,
1200,Accounting Minimum
1201,Accounting Finance
1202,
1203,
1204,Accounting
1205,
1206,finance accounting business
1208,Accounting Finance
1209,accounting finance
1210,finance area
1211,accounting finance years accounting experience
1212,
1213,Accounting Finance
1214,Accounting Finance
1215,accounting
1216,Accounting CPA
1217,accounting finance
1218,Business Finance Accounting
1219,Accounting
1220,
1221,Accounting
1222,Accounting years hands
1223,
1224,Business Administration Accounting Finance years
1225,Accounting Finance Business years experience
1226,
1227,Accounting Finance CPA MBA designation
1228,
1229,Accounting Finance years experience accounting
1230,
1231,
1232,Accounting
1233,
1234,Accounting CPA
1235,Accounting
1236,
1237,Accounting Tax Finance
1238,
1239,accounting
1240,Accounting
1241,
1242,
1243,
1244,
1245,
1246,accounting finance
1247,Accounting CPA
1248,Accounting Finance years experience
1249,Accounting Years Finance
1250,Accounting CPA Professional Certification
1251,discipline
1253,
1254,Accounting
1255,
1256,
1257,
1258,
1259,accounting
1260,accounting
1261,Accounting Ability
1262,Finance Accounting Tax Law
1263,Accounting Finance
1264,Accounting Tax Finance
1265,accounting
1266,Accounting
1267,accounting
1268,
1269,Accounting
1270,
1271,Accounting Finance
1272,Accounting/ Finance
1273,accounting and/or finance Public accounting
1274,Accounting/ Finance
1275,Accounting Finance CPA CPA candidate
1276,accounting finance
1277,Accounting Finance Business Solid GAAP
1278,
1279,accounting and/or finance Public accounting
1280,
1281,
1282,
1283,accounting
1284,
1285,Accounting years
1286,Accounting
1287,accounting
1288,
1289,Accounting Finance Excellent communication technology
1290,
1291,
1292,accounting
1293,
1294,Business Accounting
1295,accounting
1296,Accounting Finance
1297,Accounting/Finance years
1298,Accountancy
1299,Accounting Required years ADP payroll
1300,
1301,accounting
1302,Accounting
1303,
1304,Accounting
1305,Accounting Finance Business CPA license
1306,Accounting Business
1307,
1308,Finance/Accounting CPA CMA designation
1309,Accounting MBA/CPA
1310,
1311,
1312,Accounting Finance Economics
1313,Accounting Business
1314,Accounting
1315,
1316,Finance Accounting
1317,Accounting
1318,Accounting/Finance Preferably – years Software-as-a-Service
1319,
1320,Accounting/Finance ADP Intermediate Excel skills
1321,
1322,Accounting Finance
1323,accounting/finance
1324,
1325,Accounting
1326,
1328,accounting finance Minimum
1329,
1330,Accounting Must
1332,accounting
1333,Accounting
1334,Accounting Finance
1335,Accounting
1336,accounting
1337,
1338,Accounting Finance years experience
1339,
1340,accounting
1341,
1342,accounting finance
1343,Accounting years experience
1344,Accounting
1345,Accounting Finance
1346,Accounting Minimum years
1347,Accounting Minimum years
1348,Accounting years tax experience
1349,Accounting
1350,
1351,Accounting
1352,Accounting Tax Finance
1353,
1354,Accounting Business years accounting background
1355,
1356,accounting finance
1357,Finance Accounting Economics Tax Law
1358,
1359,finance
1360,
1361,
1362,
1363,accounting finance
1364,
1365,Accounting Finance
1366,Accounting
1368,
1369,Accounting Finance
1370,Accounting/Finance
1371,
1372,accounting experience Good analytical skills
1373,accounting finance
1374,Accounting Finance Prior experience SOX
1375,Accounting General Business
1376,Accounting Finance Education
1377,accounting
1378,
1379,accounting and/or finance CPA license
1380,Accounting Finance
1381,Accounting Finance
1382,Accounting Finance Economics
1383,
1384,
1385,Accounting
1386,
1387,Accounting
1388,Accounting Finance
1389,accounting finance Proven knowledge bookkeeping
1390,Accounting
1391,Accounting
1392,Accounting
1393,
1394,
1395,
1396,
1397,Business Finance
1398,Accounting Finance Business
1399,accounting ERP experience Team mentality
1400,Accounting years experience Corporate Accounting
1401,accounting CPA Certificate years CPA
1402,accounting
1403,Accounting Finance
1404,Accounting Finance years accounting experience
1405,
1406,Knowledge Microsoft Dynamics GP Great
1407,Accounting Finance
1408,
1409,Accounting/Finance
1410,Accounting Finance Business Administration
1411,
1412,
1413,Taxation plus Please Note
1414,accounting
1415,Accounting Finance Proficient Microsoft Excel
1416,Accounting CPA MBA
1417,accounting
1418,Accounting Finance
1419,
1420,Accounting
1421,accounting
1422,
1423,Accounting
1424,Accounting
1425,
1426,
1427,Completion
1428,
1429,Accounting Taxation Advanced
1430,Accounting Finance Knowledge Skills
1431,accounting
1432,Accounting
1433,
1434,Accounting
1435,Accounting Accounting experience
1436,Accounting years Strong knowledge GAAP
1437,Accounting Taxation Advanced
1438,Accounting CPA
1439,
1440,
1441,Accounting Job Type
1442,
1443,
1444,Accounting Finance CPA certification
1445,
1446,Business Administration Accounting  Four
1447,
1448,
1449,
1450,accounting Minimum forty
1451,
1452,
1453,
1454,accounting finance
1455,Accounting
1456,
1457,Accounting Finance Proven track record
1458,
1459,
1460,accounting Master ’ Degree Preferred
1461,
1462,Accounting CPA
1463,Accounting
1464,
1465,Finance Accounting Business
1466,
1467,Accounting Minimum years
1468,
1469,finance accounting
1470,Accounting Finance
1471,accounting finance
1472,accounting finance Certified Public Accountant
1473,
1474,
1475,
1476,Accounting Finance
1478,Accounting
1479,Accounting Finance
1480,accounting
1481,Accounting Organized
1482,accounting
1483,Accounting Finance
1484,Engineering Construction Management Business
1485,
1486,Accounting Finance Business
1487,
1488,Finance Accounting
1489,Accounting Finance CPA MBA
1490,
1491,accounting
1492,business accounting finance
1493,
1494,
1495,
1496,
1497,Accounting Finance
1498,
1499,
1500,Accounting
1501,Accounting Finance CPA MBA plus
1502,
1503,Accounting Finance Business Administration years
1504,Excellent skills
1505,
1506,Accounting
1507,Finance Accounting
1508,Accounting
1509,Accounting Finance
1510,Accounting yrs Accounting experience Strong
1511,
1512,Accounting/Finance
1513,
1514,
1515,
1516,
1517,Accounting Finance Minimum years
1518,Accounting CPA CMA Knowledge Quick-books
1519,field Minimum years
1520,Accounting
1521,
1522,Accounting Minimum
1523,Accounting
1524,
1525,Accounting Finance
1526,accounting
1527,Accounting Business Economics
1528,
1529,Accounting
1530,addition
1531,
1532,field Minimum years
1533,
1534,accounting
1535,
1536,
1537,
1538,tax accounting
1539,Accounting
1540,Accounting/ Finance
1541,
1542,field CPA Minimum years
1543,Accounting years Accounting experience
1544,
1545,Accounting years
1546,Accounting Business Construction Management Engineering
1547,
1548,accounting finance
1549,Accounting Finance NJ NY CPA
1550,
1551,
1552,Accounting experience GAAP Financial Analysis
1553,
1554,
1555,Accounting CPA / CPA Candidate
1556,
1557,Accounting Finance
1558,Accounting
1559,Accounting
1560,accounting
1561,Accounting Finance
1562,Accounting Finance
1563,
1564,Accounting Finance years
1565,
1566,Accounting
1567,accounting finance years
1568,Accounting years experience
1569,accounting
1570,Finance Accounting Location
1571,
1572,
1573,Accounting Finance
1574,Accounting Finance
1575,Accounting – accounting work experience
1576,Accounting Description
1577,Accounting
1578,Accounting
1579,Accounting
1580,
1581,Accounting Related Experience Tax QuickBooks
1582,accountant business field years work
1583,Accounting Finance
1584,
1585,
1586,Accounting years experience
1587,Accounting Finance
1588,
1589,Accounting CPA
1590,Accounting
1591,Accounting business
1592,
1593,Accounting Strong communication skills
1594,Accounting
1595,
1596,
1597,Accounting
1598,Accounting
1599,
1600,business
1601,Accounting/Finance
1602,business
1603,Accounting Previous General Accounting experience
1604,
1605,
1606,Accounting
1607,Accounting Business Administration Finance Strong
1608,
1609,accounting
1610,accounting business discipline major/concentration accounting
1611,Accounting/Finance years
1612,
1613,
1614,
1615,
1616,accounting finance engineering technology
1617,
1618,
1619,
1620,
1621,
1622,
1623,accounting
1624,Accounting Finance
1625,
1626,business accounting finance
1627,Business Accounting
1628,
1629,Accounting Financial
1630,Finance Business Accounting
1631,
1632,
1633,
1634,accounting business finance
1635,
1636,
1637,Accounting Ownership
1638,
1639,
1640,
1641,
1642,Accounting Finance
1643,accounting business finance
1644,accounting
1645,Accounting Business Administration
1646,
1647,accounting
1648,Accounting CPA candidate
1649,
1650,
1651,
1652,
1653,accounting finance Experience month end
1654,Business Accounting
1655,accounting finance and/or CPA
1656,
1657,Accounting Finance
1658,accounting finance Experience ERP systems
1659,
1660,
1661,finance accounting
1662,Accounting Finance
1663,
1664,Accounting years
1665,
1666,
1667,
1668,accounting Candidate
1669,Accounting
1670,Accounting
1671,
1672,
1673,Accounting
1674,
1675,accounting
1676,
1677,
1678,accounting
1679,Business Administration
1680,
1681,
1682,Accounting EXPERIENCE SKILLS REQUIREMENTS
1683,
1684,
1685,
1686,Accounting Finance
1687,Accounting Finance
1688,accounting
1689,
1690,Accounting Finance
1691,accounting
1692,
1693,
1694,Accounting
1695,Accounting business field years accounting
1696,Accounting years
1697,Accounting/Finance
1698,Accounting Minimum year
1699,
1700,
1701,
1702,
1703,
1704,accounting
1705,accounting
1706,
1707,
1708,Accounting Finance CPA CPA candidate
1709,
1710,Business
1711,finance accounting certification CPA/CFA
1712,accounting finance Proficiency Microsoft Excel
1713,
1714,accounting Experience knowledge
1715,
1716,
1717,Accounting Finance Business
1718,
1719,Accounting
1720,Accounting CPA candidate
1721,
1722,
1723,
1724,
1725,Accounting
1727,
1728,
1729,Accounting Finance
1730,
1731,
1732,Business Administration Accounting Intermediate use
1733,
1734,Accounting Tax CPA
1735,
1736,Accounting years
1737,accounting finance ActiveCPA
1738,Accounting Finance
1739,accounting accounting finance
1740,Accounting Finance
1741,business
1742,Accounting Finance
1743,Accounting Finance
1744,
1745,
1746,accounting Finance
1747,business
1748,
1749,Accounting MBA/Master degree
1750,Accounting Finance
1751,Accounting Finance Economics degree GPA
1752,
1753,accounting DUTIES Assist
1754,
1755,Accounting Finance
1758,
1759,Accounting CPA Preferred years experience
1760,
1763,Accounting
1764,
